{"detected": true, "default": true, "object_pos": {"x": 0.08203892409801483, "y": 0.04845573753118515, "z": 0.5010524988174438}}